{
"meta":{"test_sets":[],"test_metrics":[],"learn_metrics":[{"best_value":"Min","name":"MultiClass"}],"launch_mode":"Train","parameters":"","iteration_count":800,"learn_sets":["learn"],"name":"experiment"},
"iterations":[
{"learn":[0.6927107536],"iteration":0,"passed_time":0.04500467408,"remaining_time":35.95873459},
{"learn":[0.6923116118],"iteration":1,"passed_time":0.0696093863,"remaining_time":27.77414513},
{"learn":[0.6919868247],"iteration":2,"passed_time":0.09438095265,"remaining_time":25.07387309},
{"learn":[0.6915497765],"iteration":3,"passed_time":0.1194508449,"remaining_time":23.77071813},
{"learn":[0.6912258514],"iteration":4,"passed_time":0.1420622385,"remaining_time":22.58789592},
{"learn":[0.6906222393],"iteration":5,"passed_time":0.1662046321,"remaining_time":21.99441298},
{"learn":[0.6900478034],"iteration":6,"passed_time":0.1907726356,"remaining_time":21.61181428},
{"learn":[0.6895923642],"iteration":7,"passed_time":0.2147607862,"remaining_time":21.26131783},
{"learn":[0.6892430614],"iteration":8,"passed_time":0.2415682186,"remaining_time":21.23116233},
{"learn":[0.6890131928],"iteration":9,"passed_time":0.2657144714,"remaining_time":20.99144324},
{"learn":[0.6886366732],"iteration":10,"passed_time":0.2883914325,"remaining_time":20.68553093},
{"learn":[0.6881462575],"iteration":11,"passed_time":0.3178593405,"remaining_time":20.87276336},
{"learn":[0.6878612322],"iteration":12,"passed_time":0.3412250463,"remaining_time":20.65723934},
{"learn":[0.6873074353],"iteration":13,"passed_time":0.3641057853,"remaining_time":20.44193909},
{"learn":[0.686984852],"iteration":14,"passed_time":0.3874044749,"remaining_time":20.27416752},
{"learn":[0.6866697656],"iteration":15,"passed_time":0.4102351135,"remaining_time":20.10152056},
{"learn":[0.6862393736],"iteration":16,"passed_time":0.4327391917,"remaining_time":19.93145807},
{"learn":[0.6857959132],"iteration":17,"passed_time":0.4563679218,"remaining_time":19.82665082},
{"learn":[0.6853838522],"iteration":18,"passed_time":0.4802111309,"remaining_time":19.73920491},
{"learn":[0.684952814],"iteration":19,"passed_time":0.5055163411,"remaining_time":19.7151373},
{"learn":[0.6845650946],"iteration":20,"passed_time":0.5290347035,"remaining_time":19.62466829},
{"learn":[0.6842143633],"iteration":21,"passed_time":0.5524763495,"remaining_time":19.53757272},
{"learn":[0.6839353065],"iteration":22,"passed_time":0.5755560555,"remaining_time":19.443785},
{"learn":[0.6835446834],"iteration":23,"passed_time":0.6002328716,"remaining_time":19.40752952},
{"learn":[0.6830740634],"iteration":24,"passed_time":0.6233186354,"remaining_time":19.3228777},
{"learn":[0.6825897128],"iteration":25,"passed_time":0.6466325557,"remaining_time":19.24975377},
{"learn":[0.6821746689],"iteration":26,"passed_time":0.6705990537,"remaining_time":19.19900254},
{"learn":[0.6818096067],"iteration":27,"passed_time":0.6958344641,"remaining_time":19.18515022},
{"learn":[0.6814710965],"iteration":28,"passed_time":0.7298396608,"remaining_time":19.40366822},
{"learn":[0.6810185299],"iteration":29,"passed_time":0.7532712603,"remaining_time":19.33396235},
{"learn":[0.6805521041],"iteration":30,"passed_time":0.7780530559,"remaining_time":19.30073548},
{"learn":[0.680265683],"iteration":31,"passed_time":0.8016397885,"remaining_time":19.23935492},
{"learn":[0.6797785115],"iteration":32,"passed_time":0.8288432171,"remaining_time":19.26432568},
{"learn":[0.6795057781],"iteration":33,"passed_time":0.8633671706,"remaining_time":19.45115449},
{"learn":[0.679078327],"iteration":34,"passed_time":0.8873042294,"remaining_time":19.3939353},
{"learn":[0.6788377673],"iteration":35,"passed_time":0.9097696406,"remaining_time":19.30733348},
{"learn":[0.678459344],"iteration":36,"passed_time":0.9419663022,"remaining_time":19.42487267},
{"learn":[0.6780643059],"iteration":37,"passed_time":0.9649714688,"remaining_time":19.35021735},
{"learn":[0.6777092601],"iteration":38,"passed_time":0.9891954874,"remaining_time":19.301994},
{"learn":[0.6773338306],"iteration":39,"passed_time":1.01209204,"remaining_time":19.22974877},
{"learn":[0.6769517973],"iteration":40,"passed_time":1.034424572,"remaining_time":19.14946951},
{"learn":[0.6765838117],"iteration":41,"passed_time":1.057336611,"remaining_time":19.08240835},
{"learn":[0.6761376732],"iteration":42,"passed_time":1.08003612,"remaining_time":19.01365914},
{"learn":[0.675793519],"iteration":43,"passed_time":1.103606172,"remaining_time":18.96196059},
{"learn":[0.67543367],"iteration":44,"passed_time":1.127911966,"remaining_time":18.92385631},
{"learn":[0.6750193468],"iteration":45,"passed_time":1.151402535,"remaining_time":18.87298938},
{"learn":[0.674573679],"iteration":46,"passed_time":1.174288701,"remaining_time":18.81360408},
{"learn":[0.6741409236],"iteration":47,"passed_time":1.198510269,"remaining_time":18.77666088},
{"learn":[0.673807691],"iteration":48,"passed_time":1.221459644,"remaining_time":18.72073863},
{"learn":[0.6733497807],"iteration":49,"passed_time":1.244324792,"remaining_time":18.66487188},
{"learn":[0.672959195],"iteration":50,"passed_time":1.267603089,"remaining_time":18.61636694},
{"learn":[0.6725146293],"iteration":51,"passed_time":1.290728548,"remaining_time":18.56663373},
{"learn":[0.6722064223],"iteration":52,"passed_time":1.314729889,"remaining_time":18.53024957},
{"learn":[0.671855224],"iteration":53,"passed_time":1.340704337,"remaining_time":18.52158214},
{"learn":[0.6714910175],"iteration":54,"passed_time":1.363731953,"remaining_time":18.47236919},
{"learn":[0.6710570623],"iteration":55,"passed_time":1.38712356,"remaining_time":18.4289273},
{"learn":[0.6707843617],"iteration":56,"passed_time":1.410988209,"remaining_time":18.39235507},
{"learn":[0.6704536488],"iteration":57,"passed_time":1.434222044,"remaining_time":18.34815098},
{"learn":[0.6700785274],"iteration":58,"passed_time":1.457139493,"remaining_time":18.30068414},
{"learn":[0.6696838852],"iteration":59,"passed_time":1.480386897,"remaining_time":18.25810507},
{"learn":[0.6694126185],"iteration":60,"passed_time":1.50341921,"remaining_time":18.21355404},
{"learn":[0.669088188],"iteration":61,"passed_time":1.525883619,"remaining_time":18.16293727},
{"learn":[0.6687436323],"iteration":62,"passed_time":1.54927325,"remaining_time":18.12403786},
{"learn":[0.6684228763],"iteration":63,"passed_time":1.572051077,"remaining_time":18.07858739},
{"learn":[0.6680726833],"iteration":64,"passed_time":1.594742367,"remaining_time":18.032856},
{"learn":[0.6677957974],"iteration":65,"passed_time":1.617619793,"remaining_time":17.98989285},
{"learn":[0.667348435],"iteration":66,"passed_time":1.640562671,"remaining_time":17.94824535},
{"learn":[0.6668905298],"iteration":67,"passed_time":1.662913172,"remaining_time":17.9007712},
{"learn":[0.666518461],"iteration":68,"passed_time":1.68566798,"remaining_time":17.8583086},
{"learn":[0.6661607873],"iteration":69,"passed_time":1.708379686,"remaining_time":17.81595958},
{"learn":[0.6658956823],"iteration":70,"passed_time":1.731099432,"remaining_time":17.77424628},
{"learn":[0.6654996628],"iteration":71,"passed_time":1.754702094,"remaining_time":17.74198784},
{"learn":[0.6651311654],"iteration":72,"passed_time":1.779400144,"remaining_time":17.72087541},
{"learn":[0.6647394799],"iteration":73,"passed_time":1.802295726,"remaining_time":17.68198239},
{"learn":[0.6642588776],"iteration":74,"passed_time":1.830809427,"remaining_time":17.69782446},
{"learn":[0.6638885718],"iteration":75,"passed_time":1.86653889,"remaining_time":17.7812389},
{"learn":[0.6636411769],"iteration":76,"passed_time":1.895102238,"remaining_time":17.79427167},
{"learn":[0.6633746999],"iteration":77,"passed_time":1.922493727,"remaining_time":17.79539066},
{"learn":[0.6630702003],"iteration":78,"passed_time":1.947399429,"remaining_time":17.77310111},
{"learn":[0.6627873312],"iteration":79,"passed_time":1.971877438,"remaining_time":17.74689694},
{"learn":[0.6625014497],"iteration":80,"passed_time":1.994437216,"remaining_time":17.70370812},
{"learn":[0.6621763145],"iteration":81,"passed_time":2.017951676,"remaining_time":17.66938175},
{"learn":[0.6617598117],"iteration":82,"passed_time":2.042296768,"remaining_time":17.64249135},
{"learn":[0.6613615342],"iteration":83,"passed_time":2.066230736,"remaining_time":17.61215723},
{"learn":[0.6610606822],"iteration":84,"passed_time":2.09004835,"remaining_time":17.58099495},
{"learn":[0.6608631433],"iteration":85,"passed_time":2.113182142,"remaining_time":17.54432616},
{"learn":[0.6605208264],"iteration":86,"passed_time":2.136807883,"remaining_time":17.51200024},
{"learn":[0.6602114289],"iteration":87,"passed_time":2.170674616,"remaining_time":17.56273099},
{"learn":[0.6599092553],"iteration":88,"passed_time":2.193123972,"remaining_time":17.52034993},
{"learn":[0.659600907],"iteration":89,"passed_time":2.217052159,"remaining_time":17.49007814},
{"learn":[0.6591551637],"iteration":90,"passed_time":2.240939989,"remaining_time":17.45963135},
{"learn":[0.658796958],"iteration":91,"passed_time":2.26374969,"remaining_time":17.42103022},
{"learn":[0.6584630852],"iteration":92,"passed_time":2.287835983,"remaining_time":17.39247355},
{"learn":[0.658140862],"iteration":93,"passed_time":2.310325921,"remaining_time":17.35202234},
{"learn":[0.6579307211],"iteration":94,"passed_time":2.332768664,"remaining_time":17.31159903},
{"learn":[0.6575943896],"iteration":95,"passed_time":2.355996036,"remaining_time":17.27730426},
{"learn":[0.6572530027],"iteration":96,"passed_time":2.37947405,"remaining_time":17.2450542},
{"learn":[0.6570331826],"iteration":97,"passed_time":2.401777903,"remaining_time":17.20457232},
{"learn":[0.6567003218],"iteration":98,"passed_time":2.424505834,"remaining_time":17.1674605},
{"learn":[0.6564463177],"iteration":99,"passed_time":2.447478644,"remaining_time":17.13235051},
{"learn":[0.6561466583],"iteration":100,"passed_time":2.470322778,"remaining_time":17.09659032},
{"learn":[0.6556727671],"iteration":101,"passed_time":2.49339026,"remaining_time":17.06261178},
{"learn":[0.6552944387],"iteration":102,"passed_time":2.516570493,"remaining_time":17.0296081},
{"learn":[0.6549631552],"iteration":103,"passed_time":2.540073732,"remaining_time":16.99895498},
{"learn":[0.6546310837],"iteration":104,"passed_time":2.563492274,"remaining_time":16.96787744},
{"learn":[0.6542966981],"iteration":105,"passed_time":2.586736496,"remaining_time":16.9358031},
{"learn":[0.6541032233],"iteration":106,"passed_time":2.609729365,"remaining_time":16.90226589},
{"learn":[0.6537257543],"iteration":107,"passed_time":2.63376103,"remaining_time":16.87557993},
{"learn":[0.6533370669],"iteration":108,"passed_time":2.65750302,"remaining_time":16.8471063},
{"learn":[0.6530291672],"iteration":109,"passed_time":2.679991665,"remaining_time":16.81085681},
{"learn":[0.6527861999],"iteration":110,"passed_time":2.703584314,"remaining_time":16.78170804},
{"learn":[0.6523723705],"iteration":111,"passed_time":2.728140166,"remaining_time":16.75857531},
{"learn":[0.6520863262],"iteration":112,"passed_time":2.752860363,"remaining_time":16.73641654},
{"learn":[0.6517512326],"iteration":113,"passed_time":2.77587254,"remaining_time":16.70393476},
{"learn":[0.6514029282],"iteration":114,"passed_time":2.806082634,"remaining_time":16.71449221},
{"learn":[0.6511806945],"iteration":115,"passed_time":2.830702837,"remaining_time":16.69138569},
{"learn":[0.6508127366],"iteration":116,"passed_time":2.873873555,"remaining_time":16.77654391},
{"learn":[0.6505132119],"iteration":117,"passed_time":2.902200133,"remaining_time":16.77373297},
{"learn":[0.6502234208],"iteration":118,"passed_time":2.925311004,"remaining_time":16.74064533},
{"learn":[0.6499208037],"iteration":119,"passed_time":2.948684038,"remaining_time":16.70920955},
{"learn":[0.6496493564],"iteration":120,"passed_time":2.971004128,"remaining_time":16.67199837},
{"learn":[0.6494599055],"iteration":121,"passed_time":2.993534162,"remaining_time":16.63619805},
{"learn":[0.6491491947],"iteration":122,"passed_time":3.020418134,"remaining_time":16.62457786},
{"learn":[0.6489922034],"iteration":123,"passed_time":3.044468076,"remaining_time":16.59726145},
{"learn":[0.6488022041],"iteration":124,"passed_time":3.067515639,"remaining_time":16.56458445},
{"learn":[0.6485978892],"iteration":125,"passed_time":3.09052349,"remaining_time":16.53184788},
{"learn":[0.6482558211],"iteration":126,"passed_time":3.115163454,"remaining_time":16.50791342},
{"learn":[0.6479982749],"iteration":127,"passed_time":3.139112641,"remaining_time":16.48034137},
{"learn":[0.6477459417],"iteration":128,"passed_time":3.162270138,"remaining_time":16.44870746},
{"learn":[0.6474779185],"iteration":129,"passed_time":3.185657416,"remaining_time":16.41838822},
{"learn":[0.6472200376],"iteration":130,"passed_time":3.208069688,"remaining_time":16.38319558},
{"learn":[0.6470183102],"iteration":131,"passed_time":3.231630644,"remaining_time":16.35400962},
{"learn":[0.6467367297],"iteration":132,"passed_time":3.260447441,"remaining_time":16.35126649},
{"learn":[0.6464296839],"iteration":133,"passed_time":3.284269528,"remaining_time":16.32330974},
{"learn":[0.6462254708],"iteration":134,"passed_time":3.307508918,"remaining_time":16.29254393},
{"learn":[0.6460209645],"iteration":135,"passed_time":3.331434195,"remaining_time":16.26523754},
{"learn":[0.6457922232],"iteration":136,"passed_time":3.354331318,"remaining_time":16.23300485},
{"learn":[0.6455355183],"iteration":137,"passed_time":3.377275791,"remaining_time":16.20113459},
{"learn":[0.6452677115],"iteration":138,"passed_time":3.400585975,"remaining_time":16.17113186},
{"learn":[0.6449877704],"iteration":139,"passed_time":3.42435726,"remaining_time":16.14339851},
{"learn":[0.6446981508],"iteration":140,"passed_time":3.447698641,"remaining_time":16.11371209},
{"learn":[0.6444974001],"iteration":141,"passed_time":3.471212818,"remaining_time":16.08491574},
{"learn":[0.6442738859],"iteration":142,"passed_time":3.493748187,"remaining_time":16.05169621},
{"learn":[0.6439699514],"iteration":143,"passed_time":3.516034704,"remaining_time":16.01749143},
{"learn":[0.643670661],"iteration":144,"passed_time":3.539686852,"remaining_time":15.98961992},
{"learn":[0.6434439044],"iteration":145,"passed_time":3.56359634,"remaining_time":15.96295895},
{"learn":[0.6431673712],"iteration":146,"passed_time":3.592068046,"remaining_time":15.95660159},
{"learn":[0.6428617375],"iteration":147,"passed_time":3.614977125,"remaining_time":15.92543977},
{"learn":[0.6424512019],"iteration":148,"passed_time":3.637489493,"remaining_time":15.89265544},
{"learn":[0.642131111],"iteration":149,"passed_time":3.660169676,"remaining_time":15.86073526},
{"learn":[0.6418712771],"iteration":150,"passed_time":3.684563023,"remaining_time":15.83630067},
{"learn":[0.6416074864],"iteration":151,"passed_time":3.707576869,"remaining_time":15.8059856},
{"learn":[0.6413206482],"iteration":152,"passed_time":3.731898751,"remaining_time":15.78129733},
{"learn":[0.6410934381],"iteration":153,"passed_time":3.755780902,"remaining_time":15.75476924},
{"learn":[0.6408828757],"iteration":154,"passed_time":3.783138779,"remaining_time":15.74273879},
{"learn":[0.6406457955],"iteration":155,"passed_time":3.806452556,"remaining_time":15.71381696},
{"learn":[0.6404147295],"iteration":156,"passed_time":3.833733595,"remaining_time":15.70121466},
{"learn":[0.6401421768],"iteration":157,"passed_time":3.87947111,"remaining_time":15.76342059},
{"learn":[0.6398209628],"iteration":158,"passed_time":3.902285999,"remaining_time":15.73185739},
{"learn":[0.6395003814],"iteration":159,"passed_time":3.925130635,"remaining_time":15.70052254},
{"learn":[0.6392592399],"iteration":160,"passed_time":3.949562379,"remaining_time":15.6755923},
{"learn":[0.6388790894],"iteration":161,"passed_time":3.972553635,"remaining_time":15.64499518},
{"learn":[0.6386711763],"iteration":162,"passed_time":3.995966999,"remaining_time":15.61614097},
{"learn":[0.6384347798],"iteration":163,"passed_time":4.019567699,"remaining_time":15.58807961},
{"learn":[0.638225245],"iteration":164,"passed_time":4.042377009,"remaining_time":15.55702667},
{"learn":[0.6380325647],"iteration":165,"passed_time":4.064906343,"remaining_time":15.52500374},
{"learn":[0.6377824573],"iteration":166,"passed_time":4.089225311,"remaining_time":15.49987797},
{"learn":[0.6375257702],"iteration":167,"passed_time":4.112363956,"remaining_time":15.47032155},
{"learn":[0.637347624],"iteration":168,"passed_time":4.135724369,"remaining_time":15.4416691},
{"learn":[0.6370359484],"iteration":169,"passed_time":4.159034053,"remaining_time":15.4128909},
{"learn":[0.6368502103],"iteration":170,"passed_time":4.182649364,"remaining_time":15.38530088},
{"learn":[0.6365914336],"iteration":171,"passed_time":4.205273787,"remaining_time":15.35413918},
{"learn":[0.6362675817],"iteration":172,"passed_time":4.229729073,"remaining_time":15.32971173},
{"learn":[0.6360299502],"iteration":173,"passed_time":4.25383121,"remaining_time":15.30401343},
{"learn":[0.6357579782],"iteration":174,"passed_time":4.277905869,"remaining_time":15.27823525},
{"learn":[0.635564953],"iteration":175,"passed_time":4.301175444,"remaining_time":15.24962203},
{"learn":[0.6353195348],"iteration":176,"passed_time":4.324030931,"remaining_time":15.2196117},
{"learn":[0.6350364569],"iteration":177,"passed_time":4.346533358,"remaining_time":15.18844803},
{"learn":[0.6348522249],"iteration":178,"passed_time":4.374499964,"remaining_time":15.17633786},
{"learn":[0.6345786225],"iteration":179,"passed_time":4.396625552,"remaining_time":15.14393246},
{"learn":[0.63427156],"iteration":180,"passed_time":4.419335367,"remaining_time":15.11363863},
{"learn":[0.633985856],"iteration":181,"passed_time":4.442266924,"remaining_time":15.08418109},
{"learn":[0.6337595089],"iteration":182,"passed_time":4.466157067,"remaining_time":15.05802683},
{"learn":[0.633486343],"iteration":183,"passed_time":4.489163814,"remaining_time":15.02893973},
{"learn":[0.6332929813],"iteration":184,"passed_time":4.51284053,"remaining_time":15.00214555},
{"learn":[0.6329194044],"iteration":185,"passed_time":4.53589082,"remaining_time":14.97331701},
{"learn":[0.6326687321],"iteration":186,"passed_time":4.559249193,"remaining_time":14.94556019},
{"learn":[0.6323637478],"iteration":187,"passed_time":4.582310372,"remaining_time":14.9168827},
{"learn":[0.632056688],"iteration":188,"passed_time":4.605322827,"remaining_time":14.88810713},
{"learn":[0.6318036833],"iteration":189,"passed_time":4.62838961,"remaining_time":14.85956664},
{"learn":[0.6316457606],"iteration":190,"passed_time":4.651615437,"remaining_time":14.83159058},
{"learn":[0.6314084654],"iteration":191,"passed_time":4.674847379,"remaining_time":14.80368337},
{"learn":[0.63117161],"iteration":192,"passed_time":4.697584122,"remaining_time":14.77426716},
{"learn":[0.6309678333],"iteration":193,"passed_time":4.721138531,"remaining_time":14.74747397},
{"learn":[0.6306952364],"iteration":194,"passed_time":4.743705767,"remaining_time":14.71765122},
{"learn":[0.6304675928],"iteration":195,"passed_time":4.776921369,"remaining_time":14.72071687},
{"learn":[0.6302009137],"iteration":196,"passed_time":4.800906736,"remaining_time":14.69516123},
{"learn":[0.629933476],"iteration":197,"passed_time":4.835854054,"remaining_time":14.70295021},
{"learn":[0.6297477248],"iteration":198,"passed_time":4.877068597,"remaining_time":14.72923732},
{"learn":[0.6295848793],"iteration":199,"passed_time":4.901619446,"remaining_time":14.70485834},
{"learn":[0.6293340798],"iteration":200,"passed_time":4.923877188,"remaining_time":14.67364396},
{"learn":[0.629123838],"iteration":201,"passed_time":4.9462773,"remaining_time":14.64293973},
{"learn":[0.6288809011],"iteration":202,"passed_time":4.969733432,"remaining_time":14.61542295},
{"learn":[0.6286124674],"iteration":203,"passed_time":4.992839586,"remaining_time":14.5869235},
{"learn":[0.6283441242],"iteration":204,"passed_time":5.01727055,"remaining_time":14.56232184},
{"learn":[0.6280373181],"iteration":205,"passed_time":5.040481156,"remaining_time":14.53420295},
{"learn":[0.6277304827],"iteration":206,"passed_time":5.066323521,"remaining_time":14.51367076},
{"learn":[0.6275602364],"iteration":207,"passed_time":5.089064399,"remaining_time":14.48426021},
{"learn":[0.6273633049],"iteration":208,"passed_time":5.11217353,"remaining_time":14.45595482},
{"learn":[0.6270938836],"iteration":209,"passed_time":5.139508987,"remaining_time":14.43957287},
{"learn":[0.6268872357],"iteration":210,"passed_time":5.162923279,"remaining_time":14.41214129},
{"learn":[0.6265978569],"iteration":211,"passed_time":5.186579094,"remaining_time":14.38541749},
{"learn":[0.626435542],"iteration":212,"passed_time":5.210457546,"remaining_time":14.35933605},
{"learn":[0.6261611819],"iteration":213,"passed_time":5.232686455,"remaining_time":14.32875824},
{"learn":[0.6258878911],"iteration":214,"passed_time":5.25563984,"remaining_time":14.30022933},
{"learn":[0.6256738849],"iteration":215,"passed_time":5.281521362,"remaining_time":14.27966887},
{"learn":[0.6253710941],"iteration":216,"passed_time":5.305205946,"remaining_time":14.25315699},
{"learn":[0.6251564486],"iteration":217,"passed_time":5.328298406,"remaining_time":14.22509024},
{"learn":[0.6249512329],"iteration":218,"passed_time":5.350577115,"remaining_time":14.19491006},
{"learn":[0.6246686723],"iteration":219,"passed_time":5.373091286,"remaining_time":14.16542248},
{"learn":[0.6243201165],"iteration":220,"passed_time":5.39676487,"remaining_time":14.13903556},
{"learn":[0.6241238368],"iteration":221,"passed_time":5.420574186,"remaining_time":14.11302648},
{"learn":[0.6238938902],"iteration":222,"passed_time":5.444088527,"remaining_time":14.0862739},
{"learn":[0.623615047],"iteration":223,"passed_time":5.468171069,"remaining_time":14.06101132},
{"learn":[0.6234491078],"iteration":224,"passed_time":5.491442661,"remaining_time":14.0336868},
{"learn":[0.6233010156],"iteration":225,"passed_time":5.514313954,"remaining_time":14.00538146},
{"learn":[0.6229779396],"iteration":226,"passed_time":5.537806882,"remaining_time":13.97869314},
{"learn":[0.6227063102],"iteration":227,"passed_time":5.566881047,"remaining_time":13.96603491},
{"learn":[0.6224756862],"iteration":228,"passed_time":5.590152408,"remaining_time":13.9387643},
{"learn":[0.6222036332],"iteration":229,"passed_time":5.613532851,"remaining_time":13.9117988},
{"learn":[0.6219659922],"iteration":230,"passed_time":5.637227808,"remaining_time":13.88563906},
{"learn":[0.6216720043],"iteration":231,"passed_time":5.665803365,"remaining_time":13.87144962},
{"learn":[0.6214089278],"iteration":232,"passed_time":5.689851635,"remaining_time":13.84611964},
{"learn":[0.6211564628],"iteration":233,"passed_time":5.716109439,"remaining_time":13.82614505},
{"learn":[0.6209148459],"iteration":234,"passed_time":5.74449147,"remaining_time":13.81122417},
{"learn":[0.6207379041],"iteration":235,"passed_time":5.770038755,"remaining_time":13.78941465},
{"learn":[0.6205081149],"iteration":236,"passed_time":5.793549691,"remaining_time":13.76273619},
{"learn":[0.620232793],"iteration":237,"passed_time":5.838460925,"remaining_time":13.78661782},
{"learn":[0.6200156002],"iteration":238,"passed_time":5.873523083,"remaining_time":13.78680523},
{"learn":[0.619744175],"iteration":239,"passed_time":5.896942816,"remaining_time":13.75953324},
{"learn":[0.6194245446],"iteration":240,"passed_time":5.920437684,"remaining_time":13.73246749},
{"learn":[0.6192255034],"iteration":241,"passed_time":5.943986145,"remaining_time":13.70555483},
{"learn":[0.6189971466],"iteration":242,"passed_time":5.966008959,"remaining_time":13.6751728},
{"learn":[0.6187709031],"iteration":243,"passed_time":5.989935846,"remaining_time":13.64919808},
{"learn":[0.6185335231],"iteration":244,"passed_time":6.014870888,"remaining_time":13.62552385},
{"learn":[0.6182935898],"iteration":245,"passed_time":6.038579663,"remaining_time":13.59907778},
{"learn":[0.6180782966],"iteration":246,"passed_time":6.062125235,"remaining_time":13.57228848},
{"learn":[0.6178930822],"iteration":247,"passed_time":6.085073067,"remaining_time":13.54419489},
{"learn":[0.6177038029],"iteration":248,"passed_time":6.108006719,"remaining_time":13.51611125},
{"learn":[0.6174731605],"iteration":249,"passed_time":6.130919732,"remaining_time":13.48802341},
{"learn":[0.6172140342],"iteration":250,"passed_time":6.154603501,"remaining_time":13.46166264},
{"learn":[0.6169934851],"iteration":251,"passed_time":6.18091991,"remaining_time":13.44104806},
{"learn":[0.6168084582],"iteration":252,"passed_time":6.203459017,"remaining_time":13.41222167},
{"learn":[0.6164991393],"iteration":253,"passed_time":6.226510903,"remaining_time":13.38454706},
{"learn":[0.6163620217],"iteration":254,"passed_time":6.250087732,"remaining_time":13.35803064},
{"learn":[0.6162447376],"iteration":255,"passed_time":6.282488186,"remaining_time":13.3502874},
{"learn":[0.6160756708],"iteration":256,"passed_time":6.307543241,"remaining_time":13.32683261},
{"learn":[0.6158144025],"iteration":257,"passed_time":6.33186572,"remaining_time":13.30182644},
{"learn":[0.6156384549],"iteration":258,"passed_time":6.354412663,"remaining_time":13.2731168},
{"learn":[0.6154515996],"iteration":259,"passed_time":6.377009825,"remaining_time":13.24455887},
{"learn":[0.6152638281],"iteration":260,"passed_time":6.400103264,"remaining_time":13.21707149},
{"learn":[0.6150380188],"iteration":261,"passed_time":6.424375276,"remaining_time":13.19203778},
{"learn":[0.6148377646],"iteration":262,"passed_time":6.447828806,"remaining_time":13.16533866},
{"learn":[0.6147003827],"iteration":263,"passed_time":6.470424644,"remaining_time":13.13692276},
{"learn":[0.6145161818],"iteration":264,"passed_time":6.493220327,"remaining_time":13.10895425},
{"learn":[0.6143275403],"iteration":265,"passed_time":6.516470037,"remaining_time":13.08193609},
{"learn":[0.614091068],"iteration":266,"passed_time":6.539077162,"remaining_time":13.0536634},
{"learn":[0.6138404817],"iteration":267,"passed_time":6.56199834,"remaining_time":13.02605641},
{"learn":[0.6136254496],"iteration":268,"passed_time":6.585538326,"remaining_time":12.99970577},
{"learn":[0.6134107075],"iteration":269,"passed_time":6.612568882,"remaining_time":12.98022781},
{"learn":[0.6131551767],"iteration":270,"passed_time":6.637513179,"remaining_time":12.95662167},
{"learn":[0.6129162436],"iteration":271,"passed_time":6.660512512,"remaining_time":12.92923017},
{"learn":[0.6127519606],"iteration":272,"passed_time":6.682765728,"remaining_time":12.90043054},
{"learn":[0.6124865342],"iteration":273,"passed_time":6.706368125,"remaining_time":12.87426874},
{"learn":[0.6122297175],"iteration":274,"passed_time":6.736030532,"remaining_time":12.85969465},
{"learn":[0.6120294972],"iteration":275,"passed_time":6.759149572,"remaining_time":12.83258832},
{"learn":[0.6118695164],"iteration":276,"passed_time":6.792801921,"remaining_time":12.82539857},
{"learn":[0.6116417444],"iteration":277,"passed_time":6.83088193,"remaining_time":12.82633226},
{"learn":[0.6114491959],"iteration":278,"passed_time":6.86492229,"remaining_time":12.8194427},
{"learn":[0.6112856311],"iteration":279,"passed_time":6.887562825,"remaining_time":12.7911881},
{"learn":[0.6110693991],"iteration":280,"passed_time":6.909517665,"remaining_time":12.761707},
{"learn":[0.6108866861],"iteration":281,"passed_time":6.935952112,"remaining_time":12.74050778},
{"learn":[0.6107467152],"iteration":282,"passed_time":6.959001552,"remaining_time":12.71308764},
{"learn":[0.6105638464],"iteration":283,"passed_time":6.986284404,"remaining_time":12.69338997},
{"learn":[0.6103562305],"iteration":284,"passed_time":7.009608099,"remaining_time":12.66648481},
{"learn":[0.6101896438],"iteration":285,"passed_time":7.032524728,"remaining_time":12.63887311},
{"learn":[0.6100117638],"iteration":286,"passed_time":7.055973981,"remaining_time":12.61224618},
{"learn":[0.6098797607],"iteration":287,"passed_time":7.079248825,"remaining_time":12.58533124},
{"learn":[0.6095903955],"iteration":288,"passed_time":7.102861207,"remaining_time":12.55903833},
{"learn":[0.6094067357],"iteration":289,"passed_time":7.126319037,"remaining_time":12.5324921},
{"learn":[0.6092343861],"iteration":290,"passed_time":7.150742892,"remaining_time":12.50765681},
{"learn":[0.6090260925],"iteration":291,"passed_time":7.181722407,"remaining_time":12.49422939},
{"learn":[0.6088006647],"iteration":292,"passed_time":7.20429032,"remaining_time":12.46612694},
{"learn":[0.6086422039],"iteration":293,"passed_time":7.227216019,"remaining_time":12.43867791},
{"learn":[0.6084408693],"iteration":294,"passed_time":7.249726281,"remaining_time":12.41054838},
{"learn":[0.6082322454],"iteration":295,"passed_time":7.286276936,"remaining_time":12.40636343},
{"learn":[0.6080924407],"iteration":296,"passed_time":7.310314549,"remaining_time":12.38076841},
{"learn":[0.6078551125],"iteration":297,"passed_time":7.335577227,"remaining_time":12.35724754},
{"learn":[0.6077124667],"iteration":298,"passed_time":7.36905366,"remaining_time":12.34747787},
{"learn":[0.6074641619],"iteration":299,"passed_time":7.392489427,"remaining_time":12.32081571},
{"learn":[0.6071495445],"iteration":300,"passed_time":7.416241031,"remaining_time":12.29469859},
{"learn":[0.6070218236],"iteration":301,"passed_time":7.439911968,"remaining_time":12.26846411},
{"learn":[0.6067915464],"iteration":302,"passed_time":7.462909744,"remaining_time":12.24114238},
{"learn":[0.6065236462],"iteration":303,"passed_time":7.486922876,"remaining_time":12.21550575},
{"learn":[0.6063857998],"iteration":304,"passed_time":7.510209213,"remaining_time":12.1887002},
{"learn":[0.6062321266],"iteration":305,"passed_time":7.532881057,"remaining_time":12.16092563},
{"learn":[0.6060997516],"iteration":306,"passed_time":7.555629183,"remaining_time":12.1333068},
{"learn":[0.6059088187],"iteration":307,"passed_time":7.578866985,"remaining_time":12.10650181},
{"learn":[0.6057254557],"iteration":308,"passed_time":7.601838562,"remaining_time":12.07929687},
{"learn":[0.6055536996],"iteration":309,"passed_time":7.625232412,"remaining_time":12.05278672},
{"learn":[0.6053573895],"iteration":310,"passed_time":7.649509529,"remaining_time":12.0276854},
{"learn":[0.6051412665],"iteration":311,"passed_time":7.673160492,"remaining_time":12.00161},
{"learn":[0.6050141747],"iteration":312,"passed_time":7.703897454,"remaining_time":11.98657527},
{"learn":[0.6048273999],"iteration":313,"passed_time":7.727395732,"remaining_time":11.96023671},
{"learn":[0.6046509106],"iteration":314,"passed_time":7.750096463,"remaining_time":11.9326882},
{"learn":[0.6045254699],"iteration":315,"passed_time":7.794441132,"remaining_time":11.93832123},
{"learn":[0.6043605931],"iteration":316,"passed_time":7.82198043,"remaining_time":11.91803327},
{"learn":[0.6042075507],"iteration":317,"passed_time":7.853282253,"remaining_time":11.90340266},
{"learn":[0.6040648176],"iteration":318,"passed_time":7.876375117,"remaining_time":11.87628975},
{"learn":[0.6038798096],"iteration":319,"passed_time":7.899286318,"remaining_time":11.84892948},
{"learn":[0.6036469129],"iteration":320,"passed_time":7.921881408,"remaining_time":11.82112522},
{"learn":[0.603500358],"iteration":321,"passed_time":7.944901824,"remaining_time":11.7939847},
{"learn":[0.603241175],"iteration":322,"passed_time":7.970340807,"remaining_time":11.77044138},
{"learn":[0.6030261024],"iteration":323,"passed_time":7.993863699,"remaining_time":11.74407136},
{"learn":[0.6027992375],"iteration":324,"passed_time":8.01789199,"remaining_time":11.71845752},
{"learn":[0.6025534724],"iteration":325,"passed_time":8.041210831,"remaining_time":11.69182188},
{"learn":[0.6024350469],"iteration":326,"passed_time":8.064463407,"remaining_time":11.66511068},
{"learn":[0.6022962571],"iteration":327,"passed_time":8.08759932,"remaining_time":11.63825268},
{"learn":[0.6021546004],"iteration":328,"passed_time":8.11208319,"remaining_time":11.61334706},
{"learn":[0.6019838221],"iteration":329,"passed_time":8.135218564,"remaining_time":11.58652341},
{"learn":[0.6018298364],"iteration":330,"passed_time":8.15899167,"remaining_time":11.56062566},
{"learn":[0.6016706269],"iteration":331,"passed_time":8.181838288,"remaining_time":11.5334347},
{"learn":[0.601501953],"iteration":332,"passed_time":8.204714344,"remaining_time":11.50631111},
{"learn":[0.6012958799],"iteration":333,"passed_time":8.2283751,"remaining_time":11.48030777},
{"learn":[0.6011381364],"iteration":334,"passed_time":8.251908696,"remaining_time":11.45414192},
{"learn":[0.6009020694],"iteration":335,"passed_time":8.27402657,"remaining_time":11.42603669},
{"learn":[0.6007517398],"iteration":336,"passed_time":8.297331778,"remaining_time":11.39959826},
{"learn":[0.6005573736],"iteration":337,"passed_time":8.321261921,"remaining_time":11.37403257},
{"learn":[0.6004006283],"iteration":338,"passed_time":8.345564062,"remaining_time":11.3489824},
{"learn":[0.6002396215],"iteration":339,"passed_time":8.368340505,"remaining_time":11.32187245},
{"learn":[0.600079691],"iteration":340,"passed_time":8.391237428,"remaining_time":11.29495009},
{"learn":[0.5999144781],"iteration":341,"passed_time":8.414320751,"remaining_time":11.26830089},
{"learn":[0.5997067668],"iteration":342,"passed_time":8.437892283,"remaining_time":11.24232295},
{"learn":[0.5995292848],"iteration":343,"passed_time":8.461503489,"remaining_time":11.2164116},
{"learn":[0.5993157199],"iteration":344,"passed_time":8.484253933,"remaining_time":11.18937838},
{"learn":[0.5991735343],"iteration":345,"passed_time":8.5070602,"remaining_time":11.16244315},
{"learn":[0.5990048498],"iteration":346,"passed_time":8.530073566,"remaining_time":11.13580209},
{"learn":[0.5988522896],"iteration":347,"passed_time":8.552386706,"remaining_time":11.10827239},
{"learn":[0.5986484282],"iteration":348,"passed_time":8.575153205,"remaining_time":11.08135844},
{"learn":[0.5984874296],"iteration":349,"passed_time":8.598406531,"remaining_time":11.05509411},
{"learn":[0.5983191819],"iteration":350,"passed_time":8.622532444,"remaining_time":11.02996315},
{"learn":[0.5981353092],"iteration":351,"passed_time":8.648737599,"remaining_time":11.00748422},
{"learn":[0.597995947],"iteration":352,"passed_time":8.678986335,"remaining_time":10.99010451},
{"learn":[0.5978068309],"iteration":353,"passed_time":8.701825218,"remaining_time":10.96331652},
{"learn":[0.597650547],"iteration":354,"passed_time":8.72468882,"remaining_time":10.93658176},
{"learn":[0.5974250517],"iteration":355,"passed_time":8.755259199,"remaining_time":10.91948057},
{"learn":[0.5972939918],"iteration":356,"passed_time":8.79181506,"remaining_time":10.90973129},
{"learn":[0.5971382816],"iteration":357,"passed_time":8.81898619,"remaining_time":10.88824552},
{"learn":[0.5969385033],"iteration":358,"passed_time":8.850231722,"remaining_time":10.87173312},
{"learn":[0.5968015104],"iteration":359,"passed_time":8.872818472,"remaining_time":10.84455591},
{"learn":[0.5966071653],"iteration":360,"passed_time":8.895641006,"remaining_time":10.81769086},
{"learn":[0.5964487935],"iteration":361,"passed_time":8.921614188,"remaining_time":10.79466026},
{"learn":[0.596298629],"iteration":362,"passed_time":8.945199747,"remaining_time":10.76873909},
{"learn":[0.5961612745],"iteration":363,"passed_time":8.969179584,"remaining_time":10.74330302},
{"learn":[0.596001362],"iteration":364,"passed_time":8.994409002,"remaining_time":10.71936415},
{"learn":[0.5958417198],"iteration":365,"passed_time":9.01768429,"remaining_time":10.69310104},
{"learn":[0.5956895404],"iteration":366,"passed_time":9.040102984,"remaining_time":10.66584358},
{"learn":[0.5955067374],"iteration":367,"passed_time":9.062621499,"remaining_time":10.63872959},
{"learn":[0.5953578836],"iteration":368,"passed_time":9.086683094,"remaining_time":10.61344285},
{"learn":[0.5951959791],"iteration":369,"passed_time":9.109732044,"remaining_time":10.58698589},
{"learn":[0.5949991622],"iteration":370,"passed_time":9.138769764,"remaining_time":10.56747231},
{"learn":[0.5948620406],"iteration":371,"passed_time":9.161617054,"remaining_time":10.54078521},
{"learn":[0.5946889454],"iteration":372,"passed_time":9.18474486,"remaining_time":10.51443983},
{"learn":[0.5945581211],"iteration":373,"passed_time":9.207831479,"remaining_time":10.48806473},
{"learn":[0.5944309623],"iteration":374,"passed_time":9.231329087,"remaining_time":10.46217296},
{"learn":[0.5943148214],"iteration":375,"passed_time":9.254123235,"remaining_time":10.43550067},
{"learn":[0.5941816313],"iteration":376,"passed_time":9.277812754,"remaining_time":10.40985357},
{"learn":[0.5939582017],"iteration":377,"passed_time":9.300324469,"remaining_time":10.38290192},
{"learn":[0.5937603232],"iteration":378,"passed_time":9.323120766,"remaining_time":10.35628982},
{"learn":[0.5935453269],"iteration":379,"passed_time":9.34695324,"remaining_time":10.33084305},
{"learn":[0.593365002],"iteration":380,"passed_time":9.369896231,"remaining_time":10.30442656},
{"learn":[0.5931537381],"iteration":381,"passed_time":9.392497523,"remaining_time":10.27765436},
{"learn":[0.5930368406],"iteration":382,"passed_time":9.416142744,"remaining_time":10.25204053},
{"learn":[0.5928391894],"iteration":383,"passed_time":9.43952362,"remaining_time":10.22615059},
{"learn":[0.5927064375],"iteration":384,"passed_time":9.463203265,"remaining_time":10.20059573},
{"learn":[0.592575655],"iteration":385,"passed_time":9.487308026,"remaining_time":10.17550654},
{"learn":[0.5923468613],"iteration":386,"passed_time":9.511101779,"remaining_time":10.15009053},
{"learn":[0.5921298647],"iteration":387,"passed_time":9.53490671,"remaining_time":10.12469475},
{"learn":[0.5919362419],"iteration":388,"passed_time":9.559455011,"remaining_time":10.10009257},
{"learn":[0.5917846898],"iteration":389,"passed_time":9.582243937,"remaining_time":10.07364106},
{"learn":[0.5916514792],"iteration":390,"passed_time":9.605459781,"remaining_time":10.04765486},
{"learn":[0.5914547353],"iteration":391,"passed_time":9.634949632,"remaining_time":10.02821288},
{"learn":[0.5913050703],"iteration":392,"passed_time":9.664011505,"remaining_time":10.00827655},
{"learn":[0.5911179116],"iteration":393,"passed_time":9.687009781,"remaining_time":9.982045612},
{"learn":[0.5909762279],"iteration":394,"passed_time":9.710196313,"remaining_time":9.956024068},
{"learn":[0.590842897],"iteration":395,"passed_time":9.733639809,"remaining_time":9.930278997},
{"learn":[0.5906309042],"iteration":396,"passed_time":9.777918525,"remaining_time":9.925695631},
{"learn":[0.5904635209],"iteration":397,"passed_time":9.803755501,"remaining_time":9.902285707},
{"learn":[0.5902743191],"iteration":398,"passed_time":9.840249921,"remaining_time":9.889574482},
{"learn":[0.5901459023],"iteration":399,"passed_time":9.864242225,"remaining_time":9.864242225},
{"learn":[0.5899789806],"iteration":400,"passed_time":9.888292699,"remaining_time":9.838974531},
{"learn":[0.5898035143],"iteration":401,"passed_time":9.915084539,"remaining_time":9.816426982},
{"learn":[0.5896715403],"iteration":402,"passed_time":9.937708873,"remaining_time":9.78975291},
{"learn":[0.5895205988],"iteration":403,"passed_time":9.961136816,"remaining_time":9.763886582},
{"learn":[0.5893715299],"iteration":404,"passed_time":9.984379213,"remaining_time":9.737851331},
{"learn":[0.5891342971],"iteration":405,"passed_time":10.00778413,"remaining_time":9.711987554},
{"learn":[0.5889839132],"iteration":406,"passed_time":10.03131332,"remaining_time":9.686255862},
{"learn":[0.5888282799],"iteration":407,"passed_time":10.05550649,"remaining_time":9.661172901},
{"learn":[0.5886901738],"iteration":408,"passed_time":10.07760391,"remaining_time":9.634090778},
{"learn":[0.5884593172],"iteration":409,"passed_time":10.10661187,"remaining_time":9.61360641},
{"learn":[0.5883094046],"iteration":410,"passed_time":10.12890242,"remaining_time":9.58672273},
{"learn":[0.5881683136],"iteration":411,"passed_time":10.15867767,"remaining_time":9.566910043},
{"learn":[0.5880328354],"iteration":412,"passed_time":10.18140645,"remaining_time":9.540446241},
{"learn":[0.5878375657],"iteration":413,"passed_time":10.20420694,"remaining_time":9.51406734},
{"learn":[0.5877021569],"iteration":414,"passed_time":10.22750085,"remaining_time":9.488163443},
{"learn":[0.5874904096],"iteration":415,"passed_time":10.25039313,"remaining_time":9.461901353},
{"learn":[0.5873448933],"iteration":416,"passed_time":10.27336085,"remaining_time":9.435724711},
{"learn":[0.5871891411],"iteration":417,"passed_time":10.29559483,"remaining_time":9.408892884},
{"learn":[0.5870229265],"iteration":418,"passed_time":10.31886923,"remaining_time":9.383029062},
{"learn":[0.5868736884],"iteration":419,"passed_time":10.34161236,"remaining_time":9.356696895},
{"learn":[0.5867274676],"iteration":420,"passed_time":10.36404197,"remaining_time":9.330099541},
{"learn":[0.5865806361],"iteration":421,"passed_time":10.38850653,"remaining_time":9.305344715},
{"learn":[0.5864614214],"iteration":422,"passed_time":10.41147539,"remaining_time":9.279258206},
{"learn":[0.5862966777],"iteration":423,"passed_time":10.4367043,"remaining_time":9.255190603},
{"learn":[0.5861239815],"iteration":424,"passed_time":10.45990196,"remaining_time":9.229325257},
{"learn":[0.5859690566],"iteration":425,"passed_time":10.48672278,"remaining_time":9.206653336},
{"learn":[0.5857881281],"iteration":426,"passed_time":10.50918191,"remaining_time":9.180151883},
{"learn":[0.5855428663],"iteration":427,"passed_time":10.53207459,"remaining_time":9.15404614},
{"learn":[0.5854339121],"iteration":428,"passed_time":10.55503107,"remaining_time":9.128010556},
{"learn":[0.5852625032],"iteration":429,"passed_time":10.57761168,"remaining_time":9.101665867},
{"learn":[0.5851446825],"iteration":430,"passed_time":10.60108603,"remaining_time":9.07610382},
{"learn":[0.5850778024],"iteration":431,"passed_time":10.62376719,"remaining_time":9.049875754},
{"learn":[0.5849197963],"iteration":432,"passed_time":10.65316521,"remaining_time":9.029357118},
{"learn":[0.5847720426],"iteration":433,"passed_time":10.6760552,"remaining_time":9.003309222},
{"learn":[0.584610333],"iteration":434,"passed_time":10.69923102,"remaining_time":8.977515684},
{"learn":[0.5844431279],"iteration":435,"passed_time":10.72235935,"remaining_time":8.951694501},
{"learn":[0.584274284],"iteration":436,"passed_time":10.76780884,"remaining_time":8.944427026},
{"learn":[0.5840942217],"iteration":437,"passed_time":10.79070614,"remaining_time":8.918346173},
{"learn":[0.5839340477],"iteration":438,"passed_time":10.82117065,"remaining_time":8.898502513},
{"learn":[0.5837469367],"iteration":439,"passed_time":10.8514879,"remaining_time":8.878490097},
{"learn":[0.5835259951],"iteration":440,"passed_time":10.87772042,"remaining_time":8.855105742},
{"learn":[0.583286869],"iteration":441,"passed_time":10.90111597,"remaining_time":8.829410676},
{"learn":[0.5831836946],"iteration":442,"passed_time":10.93148904,"remaining_time":8.809348957},
{"learn":[0.5830081188],"iteration":443,"passed_time":10.95438164,"remaining_time":8.783242937},
{"learn":[0.582880735],"iteration":444,"passed_time":10.97770731,"remaining_time":8.757496842},
{"learn":[0.5827154695],"iteration":445,"passed_time":11.00037766,"remaining_time":8.731241462},
{"learn":[0.582622885],"iteration":446,"passed_time":11.024442,"remaining_time":8.70610297},
{"learn":[0.582497757],"iteration":447,"passed_time":11.04713439,"remaining_time":8.679891305},
{"learn":[0.5823638287],"iteration":448,"passed_time":11.07045526,"remaining_time":8.654186631},
{"learn":[0.5821924939],"iteration":449,"passed_time":11.09360793,"remaining_time":8.628361722},
{"learn":[0.5819745755],"iteration":450,"passed_time":11.11799268,"remaining_time":8.603502095},
{"learn":[0.5817901345],"iteration":451,"passed_time":11.14078683,"remaining_time":8.577419945},
{"learn":[0.5816320126],"iteration":452,"passed_time":11.17281686,"remaining_time":8.558427046},
{"learn":[0.5814683126],"iteration":453,"passed_time":11.19552645,"remaining_time":8.532273459},
{"learn":[0.5812910104],"iteration":454,"passed_time":11.21855413,"remaining_time":8.506376211},
{"learn":[0.5811143138],"iteration":455,"passed_time":11.24244017,"remaining_time":8.481139075},
{"learn":[0.5809504479],"iteration":456,"passed_time":11.26598444,"remaining_time":8.455651344},
{"learn":[0.5808205582],"iteration":457,"passed_time":11.28968413,"remaining_time":8.430288148},
{"learn":[0.5806309226],"iteration":458,"passed_time":11.31366215,"remaining_time":8.40513898},
{"learn":[0.5804790945],"iteration":459,"passed_time":11.34340576,"remaining_time":8.384256433},
{"learn":[0.5803265936],"iteration":460,"passed_time":11.36674749,"remaining_time":8.358627765},
{"learn":[0.5802128856],"iteration":461,"passed_time":11.38976874,"remaining_time":8.332774534},
{"learn":[0.5801064973],"iteration":462,"passed_time":11.41295626,"remaining_time":8.307054556},
{"learn":[0.5799848751],"iteration":463,"passed_time":11.43599097,"remaining_time":8.281234842},
{"learn":[0.5798465498],"iteration":464,"passed_time":11.45813249,"remaining_time":8.254783618},
{"learn":[0.5797219466],"iteration":465,"passed_time":11.48120869,"remaining_time":8.229020821},
{"learn":[0.5796063516],"iteration":466,"passed_time":11.50420461,"remaining_time":8.203212282},
{"learn":[0.5794732488],"iteration":467,"passed_time":11.52685161,"remaining_time":8.177168239},
{"learn":[0.579348264],"iteration":468,"passed_time":11.55001391,"remaining_time":8.151502356},
{"learn":[0.579218716],"iteration":469,"passed_time":11.57552734,"remaining_time":8.127497919},
{"learn":[0.5790795352],"iteration":470,"passed_time":11.6002686,"remaining_time":8.102947708},
{"learn":[0.5789442692],"iteration":471,"passed_time":11.6298053,"remaining_time":8.081729108},
{"learn":[0.5788269074],"iteration":472,"passed_time":11.65306753,"remaining_time":8.056137594},
{"learn":[0.578655452],"iteration":473,"passed_time":11.67606333,"remaining_time":8.030372668},
{"learn":[0.5785084493],"iteration":474,"passed_time":11.69884678,"remaining_time":8.00447411},
{"learn":[0.5783321717],"iteration":475,"passed_time":11.73812291,"remaining_time":7.989814755},
{"learn":[0.5781717771],"iteration":476,"passed_time":11.76981456,"remaining_time":7.96991636},
{"learn":[0.5779999757],"iteration":477,"passed_time":11.79358383,"remaining_time":7.944631788},
{"learn":[0.5778712234],"iteration":478,"passed_time":11.82338117,"remaining_time":7.923393226},
{"learn":[0.5776898173],"iteration":479,"passed_time":11.85486892,"remaining_time":7.903245948},
{"learn":[0.5775329319],"iteration":480,"passed_time":11.87840821,"remaining_time":7.877780084},
{"learn":[0.5774252768],"iteration":481,"passed_time":11.90138901,"remaining_time":7.851953744},
{"learn":[0.5773293154],"iteration":482,"passed_time":11.92445099,"remaining_time":7.826192473},
{"learn":[0.5771902455],"iteration":483,"passed_time":11.94690866,"remaining_time":7.800047804},
{"learn":[0.5770427052],"iteration":484,"passed_time":11.97023848,"remaining_time":7.774484787},
{"learn":[0.5769382232],"iteration":485,"passed_time":11.99552353,"remaining_time":7.750194215},
{"learn":[0.5767771774],"iteration":486,"passed_time":12.01953086,"remaining_time":7.725078358},
{"learn":[0.5766234925],"iteration":487,"passed_time":12.04351115,"remaining_time":7.699949749},
{"learn":[0.5764570816],"iteration":488,"passed_time":12.06770673,"remaining_time":7.674962765},
{"learn":[0.5762774379],"iteration":489,"passed_time":12.09096613,"remaining_time":7.649386737},
{"learn":[0.5761552652],"iteration":490,"passed_time":12.11406844,"remaining_time":7.623721279},
{"learn":[0.5760127199],"iteration":491,"passed_time":12.13718957,"remaining_time":7.598078021},
{"learn":[0.5758653592],"iteration":492,"passed_time":12.16004343,"remaining_time":7.572278564},
{"learn":[0.5757269278],"iteration":493,"passed_time":12.18242144,"remaining_time":7.546196275},
{"learn":[0.5755562476],"iteration":494,"passed_time":12.20806094,"remaining_time":7.522138559},
{"learn":[0.5754057786],"iteration":495,"passed_time":12.23101046,"remaining_time":7.496425763},
{"learn":[0.5752229507],"iteration":496,"passed_time":12.25399629,"remaining_time":7.470746231},
{"learn":[0.5750626373],"iteration":497,"passed_time":12.27747692,"remaining_time":7.445377571},
{"learn":[0.5749060638],"iteration":498,"passed_time":12.30047732,"remaining_time":7.4197268},
{"learn":[0.5747131313],"iteration":499,"passed_time":12.32343389,"remaining_time":7.394060337},
{"learn":[0.5745025444],"iteration":500,"passed_time":12.34680617,"remaining_time":7.368652783},
{"learn":[0.574339658],"iteration":501,"passed_time":12.37005869,"remaining_time":7.343182249},
{"learn":[0.5741702862],"iteration":502,"passed_time":12.39280273,"remaining_time":7.3174203},
{"learn":[0.5739746638],"iteration":503,"passed_time":12.41655682,"remaining_time":7.292263527},
{"learn":[0.573784947],"iteration":504,"passed_time":12.44117041,"remaining_time":7.267614397},
{"learn":[0.5736219869],"iteration":505,"passed_time":12.46412221,"remaining_time":7.241999859},
{"learn":[0.5734377594],"iteration":506,"passed_time":12.48947471,"remaining_time":7.217783218},
{"learn":[0.5732966592],"iteration":507,"passed_time":12.51228421,"remaining_time":7.192100374},
{"learn":[0.5730977835],"iteration":508,"passed_time":12.53482248,"remaining_time":7.166273759},
{"learn":[0.5729101218],"iteration":509,"passed_time":12.55869663,"remaining_time":7.141219655},
{"learn":[0.5728053194],"iteration":510,"passed_time":12.5821522,"remaining_time":7.115933435},
{"learn":[0.5726736462],"iteration":511,"passed_time":12.61205165,"remaining_time":7.094279055},
{"learn":[0.5724844361],"iteration":512,"passed_time":12.63574498,"remaining_time":7.069120486},
{"learn":[0.5723322719],"iteration":513,"passed_time":12.65920253,"remaining_time":7.043836428},
{"learn":[0.5722041448],"iteration":514,"passed_time":12.68177602,"remaining_time":7.018070226},
{"learn":[0.5720379846],"iteration":515,"passed_time":12.72010913,"remaining_time":7.000990296},
{"learn":[0.5718546012],"iteration":516,"passed_time":12.75717042,"remaining_time":6.983131971},
{"learn":[0.5716998729],"iteration":517,"passed_time":12.78036272,"remaining_time":6.957649204},
{"learn":[0.5715426962],"iteration":518,"passed_time":12.80554688,"remaining_time":6.933253707},
{"learn":[0.571410002],"iteration":519,"passed_time":12.83644875,"remaining_time":6.911933944},
{"learn":[0.5712444389],"iteration":520,"passed_time":12.86204356,"remaining_time":6.887735418},
{"learn":[0.5710972961],"iteration":521,"passed_time":12.88467364,"remaining_time":6.861952629},
{"learn":[0.5709046379],"iteration":522,"passed_time":12.90788692,"remaining_time":6.836490781},
{"learn":[0.5707472418],"iteration":523,"passed_time":12.93094247,"remaining_time":6.810954429},
{"learn":[0.5706136343],"iteration":524,"passed_time":12.9547257,"remaining_time":6.785808701},
{"learn":[0.5704634395],"iteration":525,"passed_time":12.97772413,"remaining_time":6.760259338},
{"learn":[0.570254239],"iteration":526,"passed_time":13.00081113,"remaining_time":6.73476554},
{"learn":[0.5700993847],"iteration":527,"passed_time":13.02456152,"remaining_time":6.709622601},
{"learn":[0.5700335566],"iteration":528,"passed_time":13.04699688,"remaining_time":6.683811256},
{"learn":[0.5698900173],"iteration":529,"passed_time":13.06986519,"remaining_time":6.65823321},
{"learn":[0.569767983],"iteration":530,"passed_time":13.09443551,"remaining_time":6.633527592},
{"learn":[0.569613405],"iteration":531,"passed_time":13.11783413,"remaining_time":6.608232233},
{"learn":[0.5694191959],"iteration":532,"passed_time":13.14057368,"remaining_time":6.582613832},
{"learn":[0.5692910037],"iteration":533,"passed_time":13.16463353,"remaining_time":6.557663894},
{"learn":[0.5691921459],"iteration":534,"passed_time":13.18757609,"remaining_time":6.532163859},
{"learn":[0.5690558231],"iteration":535,"passed_time":13.21063342,"remaining_time":6.506729891},
{"learn":[0.5688642229],"iteration":536,"passed_time":13.23437877,"remaining_time":6.481641743},
{"learn":[0.5687218516],"iteration":537,"passed_time":13.25680537,"remaining_time":6.45591637},
{"learn":[0.5685710079],"iteration":538,"passed_time":13.27916727,"remaining_time":6.430171906},
{"learn":[0.5684327033],"iteration":539,"passed_time":13.30382326,"remaining_time":6.405544533},
{"learn":[0.5682754548],"iteration":540,"passed_time":13.32681768,"remaining_time":6.38012159},
{"learn":[0.5681664235],"iteration":541,"passed_time":13.35118234,"remaining_time":6.355359861},
{"learn":[0.5680201461],"iteration":542,"passed_time":13.37408532,"remaining_time":6.329907786},
{"learn":[0.5678087285],"iteration":543,"passed_time":13.39786355,"remaining_time":6.304876964},
{"learn":[0.5676874398],"iteration":544,"passed_time":13.42167414,"remaining_time":6.27986588},
{"learn":[0.567617592],"iteration":545,"passed_time":13.44489501,"remaining_time":6.254584858},
{"learn":[0.5674582973],"iteration":546,"passed_time":13.46838845,"remaining_time":6.229437438},
{"learn":[0.5673394899],"iteration":547,"passed_time":13.49110845,"remaining_time":6.203940383},
{"learn":[0.5672159784],"iteration":548,"passed_time":13.51460025,"remaining_time":6.178806309},
{"learn":[0.5671154655],"iteration":549,"passed_time":13.53726785,"remaining_time":6.153303569},
{"learn":[0.5669790277],"iteration":550,"passed_time":13.56087493,"remaining_time":6.128235675},
{"learn":[0.566863676],"iteration":551,"passed_time":13.5899077,"remaining_time":6.105610704},
{"learn":[0.5667501122],"iteration":552,"passed_time":13.61298865,"remaining_time":6.080304154},
{"learn":[0.5665617446],"iteration":553,"passed_time":13.63538494,"remaining_time":6.054701617},
{"learn":[0.566485472],"iteration":554,"passed_time":13.65877663,"remaining_time":6.029550043},
{"learn":[0.5663228915],"iteration":555,"passed_time":13.68249963,"remaining_time":6.004550198},
{"learn":[0.5661777],"iteration":556,"passed_time":13.73551884,"remaining_time":5.992335869},
{"learn":[0.5660592884],"iteration":557,"passed_time":13.75811892,"remaining_time":5.966782759},
{"learn":[0.5658696774],"iteration":558,"passed_time":13.78294875,"remaining_time":5.942201518},
{"learn":[0.5657464016],"iteration":559,"passed_time":13.80637763,"remaining_time":5.917018986},
{"learn":[0.5656240586],"iteration":560,"passed_time":13.8411718,"remaining_time":5.8966846},
{"learn":[0.5654985957],"iteration":561,"passed_time":13.86467756,"remaining_time":5.871518256},
{"learn":[0.5653926368],"iteration":562,"passed_time":13.88727446,"remaining_time":5.845975219},
{"learn":[0.5652903645],"iteration":563,"passed_time":13.91097859,"remaining_time":5.820905935},
{"learn":[0.565211647],"iteration":564,"passed_time":13.93484397,"remaining_time":5.795908552},
{"learn":[0.5650562638],"iteration":565,"passed_time":13.95779028,"remaining_time":5.770535203},
{"learn":[0.5649211188],"iteration":566,"passed_time":13.98084581,"remaining_time":5.745215299},
{"learn":[0.5647920942],"iteration":567,"passed_time":14.00384936,"remaining_time":5.719882131},
{"learn":[0.5646504084],"iteration":568,"passed_time":14.02684608,"remaining_time":5.694554382},
{"learn":[0.564484382],"iteration":569,"passed_time":14.05032198,"remaining_time":5.669428169},
{"learn":[0.5643864233],"iteration":570,"passed_time":14.07368186,"remaining_time":5.644261201},
{"learn":[0.5642457794],"iteration":571,"passed_time":14.09666373,"remaining_time":5.618949876},
{"learn":[0.5640569762],"iteration":572,"passed_time":14.12553429,"remaining_time":5.595979554},
{"learn":[0.5638961095],"iteration":573,"passed_time":14.14877425,"remaining_time":5.570771741},
{"learn":[0.5637665741],"iteration":574,"passed_time":14.17131342,"remaining_time":5.545296555},
{"learn":[0.56364666],"iteration":575,"passed_time":14.19436312,"remaining_time":5.520030101},
{"learn":[0.5635373661],"iteration":576,"passed_time":14.21742433,"remaining_time":5.494775782},
{"learn":[0.5634371633],"iteration":577,"passed_time":14.24035183,"remaining_time":5.469477692},
{"learn":[0.5632183569],"iteration":578,"passed_time":14.26290569,"remaining_time":5.444045177},
{"learn":[0.5630360337],"iteration":579,"passed_time":14.28595564,"remaining_time":5.41881076},
{"learn":[0.5628865615],"iteration":580,"passed_time":14.30937949,"remaining_time":5.393724799},
{"learn":[0.5627720927],"iteration":581,"passed_time":14.33327992,"remaining_time":5.368823062},
{"learn":[0.562652781],"iteration":582,"passed_time":14.35718636,"remaining_time":5.343926998},
{"learn":[0.5624808849],"iteration":583,"passed_time":14.38012256,"remaining_time":5.318675468},
{"learn":[0.5623636695],"iteration":584,"passed_time":14.40318589,"remaining_time":5.293478575},
{"learn":[0.5621672762],"iteration":585,"passed_time":14.42809965,"remaining_time":5.268964718},
{"learn":[0.5620794341],"iteration":586,"passed_time":14.45081975,"remaining_time":5.243653504},
{"learn":[0.5619751131],"iteration":587,"passed_time":14.48299938,"remaining_time":5.221761681},
{"learn":[0.5618585963],"iteration":588,"passed_time":14.50591845,"remaining_time":5.196517475},
{"learn":[0.5617280908],"iteration":589,"passed_time":14.52920613,"remaining_time":5.17141235},
{"learn":[0.5616306296],"iteration":590,"passed_time":14.55514058,"remaining_time":5.147249378},
{"learn":[0.5615141018],"iteration":591,"passed_time":14.58036482,"remaining_time":5.122830884},
{"learn":[0.561374767],"iteration":592,"passed_time":14.60454745,"remaining_time":5.098046075},
{"learn":[0.561264947],"iteration":593,"passed_time":14.62715551,"remaining_time":5.07271723},
{"learn":[0.5611314754],"iteration":594,"passed_time":14.65077691,"remaining_time":5.047746665},
{"learn":[0.5609906971],"iteration":595,"passed_time":14.69153919,"remaining_time":5.028647641},
{"learn":[0.5608457155],"iteration":596,"passed_time":14.7337561,"remaining_time":5.009970669},
{"learn":[0.5607201568],"iteration":597,"passed_time":14.75712398,"remaining_time":4.9848479},
{"learn":[0.5606340308],"iteration":598,"passed_time":14.78013179,"remaining_time":4.959610167},
{"learn":[0.5604761483],"iteration":599,"passed_time":14.80413038,"remaining_time":4.934710125},
{"learn":[0.5603799991],"iteration":600,"passed_time":14.83772157,"remaining_time":4.912989339},
{"learn":[0.5602480814],"iteration":601,"passed_time":14.86038264,"remaining_time":4.887634158},
{"learn":[0.5600752842],"iteration":602,"passed_time":14.88370892,"remaining_time":4.862505237},
{"learn":[0.5599741012],"iteration":603,"passed_time":14.9091315,"remaining_time":4.838062538},
{"learn":[0.5598199623],"iteration":604,"passed_time":14.93231963,"remaining_time":4.812896411},
{"learn":[0.5596880859],"iteration":605,"passed_time":14.95565355,"remaining_time":4.787783481},
{"learn":[0.5595584835],"iteration":606,"passed_time":14.97861164,"remaining_time":4.762556913},
{"learn":[0.5593889398],"iteration":607,"passed_time":15.00129894,"remaining_time":4.737252296},
{"learn":[0.5592138546],"iteration":608,"passed_time":15.02435581,"remaining_time":4.712072183},
{"learn":[0.5590819061],"iteration":609,"passed_time":15.05195565,"remaining_time":4.688314055},
{"learn":[0.558939833],"iteration":610,"passed_time":15.07506852,"remaining_time":4.6631554},
{"learn":[0.5588009007],"iteration":611,"passed_time":15.10384756,"remaining_time":4.639744022},
{"learn":[0.5586771981],"iteration":612,"passed_time":15.12679995,"remaining_time":4.61453767},
{"learn":[0.5585527188],"iteration":613,"passed_time":15.15012937,"remaining_time":4.589452872},
{"learn":[0.5584170992],"iteration":614,"passed_time":15.1743595,"remaining_time":4.564644728},
{"learn":[0.5582535358],"iteration":615,"passed_time":15.19759882,"remaining_time":4.539542506},
{"learn":[0.5581688049],"iteration":616,"passed_time":15.21987024,"remaining_time":4.514159243},
{"learn":[0.5580233996],"iteration":617,"passed_time":15.24316397,"remaining_time":4.489087123},
{"learn":[0.5578366224],"iteration":618,"passed_time":15.26620566,"remaining_time":4.463947052},
{"learn":[0.5576708641],"iteration":619,"passed_time":15.29010542,"remaining_time":4.439062863},
{"learn":[0.5575722361],"iteration":620,"passed_time":15.31344614,"remaining_time":4.414020708},
{"learn":[0.5574853644],"iteration":621,"passed_time":15.33740591,"remaining_time":4.389161177},
{"learn":[0.5573220839],"iteration":622,"passed_time":15.36034626,"remaining_time":4.364014908},
{"learn":[0.557051751],"iteration":623,"passed_time":15.384167,"remaining_time":4.339124027},
{"learn":[0.5568600927],"iteration":624,"passed_time":15.40711761,"remaining_time":4.31399293},
{"learn":[0.556765625],"iteration":625,"passed_time":15.43031881,"remaining_time":4.288938456},
{"learn":[0.5566593085],"iteration":626,"passed_time":15.45506317,"remaining_time":4.264315675},
{"learn":[0.5565201386],"iteration":627,"passed_time":15.48129638,"remaining_time":4.240100283},
{"learn":[0.5563608978],"iteration":628,"passed_time":15.51131617,"remaining_time":4.216907895},
{"learn":[0.5561936516],"iteration":629,"passed_time":15.54026218,"remaining_time":4.193404081},
{"learn":[0.5560839588],"iteration":630,"passed_time":15.56357162,"remaining_time":4.168373381},
{"learn":[0.5559257582],"iteration":631,"passed_time":15.58655315,"remaining_time":4.143260964},
{"learn":[0.5557823758],"iteration":632,"passed_time":15.60965391,"remaining_time":4.118186735},
{"learn":[0.5556140913],"iteration":633,"passed_time":15.63320967,"remaining_time":4.093237863},
{"learn":[0.5554641549],"iteration":634,"passed_time":15.67633247,"remaining_time":4.073377729},
{"learn":[0.5553159455],"iteration":635,"passed_time":15.72228937,"remaining_time":4.054175245},
{"learn":[0.5551951715],"iteration":636,"passed_time":15.74560764,"remaining_time":4.029095834},
{"learn":[0.5550416274],"iteration":637,"passed_time":15.76953072,"remaining_time":4.004175511},
{"learn":[0.5548459924],"iteration":638,"passed_time":15.79500549,"remaining_time":3.979649271},
{"learn":[0.5546945387],"iteration":639,"passed_time":15.83021528,"remaining_time":3.957553821},
{"learn":[0.5545695423],"iteration":640,"passed_time":15.85391245,"remaining_time":3.932561745},
{"learn":[0.5544437468],"iteration":641,"passed_time":15.87963051,"remaining_time":3.90807106},
{"learn":[0.5543589689],"iteration":642,"passed_time":15.90244241,"remaining_time":3.882866964},
{"learn":[0.5542212038],"iteration":643,"passed_time":15.92566334,"remaining_time":3.857769381},
{"learn":[0.5541413985],"iteration":644,"passed_time":15.94867484,"remaining_time":3.832627288},
{"learn":[0.5540234827],"iteration":645,"passed_time":15.97192586,"remaining_time":3.807548888},
{"learn":[0.5538707892],"iteration":646,"passed_time":15.99525395,"remaining_time":3.782494365},
{"learn":[0.553749053],"iteration":647,"passed_time":16.01776357,"remaining_time":3.757253182},
{"learn":[0.5535902877],"iteration":648,"passed_time":16.04089731,"remaining_time":3.732165631},
{"learn":[0.5534482111],"iteration":649,"passed_time":16.0644248,"remaining_time":3.707174955},
{"learn":[0.5533063771],"iteration":650,"passed_time":16.0924556,"remaining_time":3.683219485},
{"learn":[0.5531617809],"iteration":651,"passed_time":16.11490217,"remaining_time":3.657983928},
{"learn":[0.5530367009],"iteration":652,"passed_time":16.13761206,"remaining_time":3.632816192},
{"learn":[0.5529321971],"iteration":653,"passed_time":16.16072276,"remaining_time":3.607745448},
{"learn":[0.5528068222],"iteration":654,"passed_time":16.18302826,"remaining_time":3.58250244},
{"learn":[0.5526538424],"iteration":655,"passed_time":16.20643104,"remaining_time":3.557509253},
{"learn":[0.5525295758],"iteration":656,"passed_time":16.23059949,"remaining_time":3.532687561},
{"learn":[0.5524285039],"iteration":657,"passed_time":16.25344304,"remaining_time":3.507581933},
{"learn":[0.5523545788],"iteration":658,"passed_time":16.27743034,"remaining_time":3.482727888},
{"learn":[0.5522021081],"iteration":659,"passed_time":16.30084515,"remaining_time":3.457755033},
{"learn":[0.5520872632],"iteration":660,"passed_time":16.32380125,"remaining_time":3.432690429},
{"learn":[0.5519535041],"iteration":661,"passed_time":16.34790888,"remaining_time":3.407872244},
{"learn":[0.5517951787],"iteration":662,"passed_time":16.37247569,"remaining_time":3.383151085},
{"learn":[0.5516891853],"iteration":663,"passed_time":16.39529746,"remaining_time":3.358072973},
{"learn":[0.5515756115],"iteration":664,"passed_time":16.41874816,"remaining_time":3.333129326},
{"learn":[0.5514593845],"iteration":665,"passed_time":16.44209418,"remaining_time":3.3081691},
{"learn":[0.551329388],"iteration":666,"passed_time":16.46467109,"remaining_time":3.283060353},
{"learn":[0.5512082957],"iteration":667,"passed_time":16.48704777,"remaining_time":3.257919619},
{"learn":[0.5510645987],"iteration":668,"passed_time":16.5161056,"remaining_time":3.234095417},
{"learn":[0.5509421612],"iteration":669,"passed_time":16.53928638,"remaining_time":3.209115267},
{"learn":[0.5507888306],"iteration":670,"passed_time":16.56231378,"remaining_time":3.184110995},
{"learn":[0.5506339551],"iteration":671,"passed_time":16.58581602,"remaining_time":3.159203051},
{"learn":[0.5505283725],"iteration":672,"passed_time":16.60843396,"remaining_time":3.134132411},
{"learn":[0.5503884268],"iteration":673,"passed_time":16.63135442,"remaining_time":3.109125604},
{"learn":[0.5502058472],"iteration":674,"passed_time":16.6709988,"remaining_time":3.087221999},
{"learn":[0.5500498903],"iteration":675,"passed_time":16.71565294,"remaining_time":3.066184858},
{"learn":[0.5499565662],"iteration":676,"passed_time":16.73833859,"remaining_time":3.041086628},
{"learn":[0.5498330621],"iteration":677,"passed_time":16.76197376,"remaining_time":3.01616637},
{"learn":[0.5496889722],"iteration":678,"passed_time":16.78951418,"remaining_time":2.991945826},
{"learn":[0.5495409946],"iteration":679,"passed_time":16.82464422,"remaining_time":2.969054862},
{"learn":[0.5493915751],"iteration":680,"passed_time":16.84895166,"remaining_time":2.944236781},
{"learn":[0.5492621458],"iteration":681,"passed_time":16.87239018,"remaining_time":2.919269856},
{"learn":[0.5491326253],"iteration":682,"passed_time":16.8957561,"remaining_time":2.894294969},
{"learn":[0.5490520354],"iteration":683,"passed_time":16.91876044,"remaining_time":2.869263467},
{"learn":[0.5488989319],"iteration":684,"passed_time":16.94170493,"remaining_time":2.844227834},
{"learn":[0.5487381346],"iteration":685,"passed_time":16.96437235,"remaining_time":2.819152256},
{"learn":[0.5485675272],"iteration":686,"passed_time":16.98730078,"remaining_time":2.79412662},
{"learn":[0.5484421675],"iteration":687,"passed_time":17.01086465,"remaining_time":2.769210524},
{"learn":[0.548271217],"iteration":688,"passed_time":17.03366486,"remaining_time":2.744175325},
{"learn":[0.5481391153],"iteration":689,"passed_time":17.05691997,"remaining_time":2.719219125},
{"learn":[0.5480380459],"iteration":690,"passed_time":17.08538641,"remaining_time":2.695089896},
{"learn":[0.5478937315],"iteration":691,"passed_time":17.10796423,"remaining_time":2.6700291},
{"learn":[0.5477509855],"iteration":692,"passed_time":17.1312063,"remaining_time":2.645078028},
{"learn":[0.5476213522],"iteration":693,"passed_time":17.15420659,"remaining_time":2.620094954},
{"learn":[0.5474615021],"iteration":694,"passed_time":17.17669153,"remaining_time":2.595039727},
{"learn":[0.5472481058],"iteration":695,"passed_time":17.19936008,"remaining_time":2.570019322},
{"learn":[0.5471072045],"iteration":696,"passed_time":17.22201465,"remaining_time":2.5450036},
{"learn":[0.5469780758],"iteration":697,"passed_time":17.24548332,"remaining_time":2.520113608},
{"learn":[0.5468890721],"iteration":698,"passed_time":17.26811911,"remaining_time":2.495107339},
{"learn":[0.5467601128],"iteration":699,"passed_time":17.29100457,"remaining_time":2.47014351},
{"learn":[0.5466243067],"iteration":700,"passed_time":17.31427565,"remaining_time":2.44524007},
{"learn":[0.5464971445],"iteration":701,"passed_time":17.33737869,"remaining_time":2.420317823},
{"learn":[0.5463694628],"iteration":702,"passed_time":17.36078382,"remaining_time":2.395442434},
{"learn":[0.5462212988],"iteration":703,"passed_time":17.38687526,"remaining_time":2.370937536},
{"learn":[0.5460648102],"iteration":704,"passed_time":17.41001118,"remaining_time":2.346029876},
{"learn":[0.5459136702],"iteration":705,"passed_time":17.43473761,"remaining_time":2.321339002},
{"learn":[0.5457795666],"iteration":706,"passed_time":17.45725803,"remaining_time":2.296357846},
{"learn":[0.5456540407],"iteration":707,"passed_time":17.4804267,"remaining_time":2.271467876},
{"learn":[0.5455246292],"iteration":708,"passed_time":17.50992314,"remaining_time":2.24739493},
{"learn":[0.5453753142],"iteration":709,"passed_time":17.53359181,"remaining_time":2.222567976},
{"learn":[0.5452401886],"iteration":710,"passed_time":17.55660125,"remaining_time":2.19766176},
{"learn":[0.5451174329],"iteration":711,"passed_time":17.57935466,"remaining_time":2.172729228},
{"learn":[0.544991213],"iteration":712,"passed_time":17.60231469,"remaining_time":2.14782802},
{"learn":[0.544835273],"iteration":713,"passed_time":17.62530586,"remaining_time":2.122936},
{"learn":[0.5446863488],"iteration":714,"passed_time":17.65065156,"remaining_time":2.098329206},
{"learn":[0.5445531051],"iteration":715,"passed_time":17.69959262,"remaining_time":2.07648852},
{"learn":[0.5444376353],"iteration":716,"passed_time":17.73554514,"remaining_time":2.053068684},
{"learn":[0.5443336426],"iteration":717,"passed_time":17.760579,"remaining_time":2.028366961},
{"learn":[0.5442547583],"iteration":718,"passed_time":17.78696043,"remaining_time":2.003816126},
{"learn":[0.544160116],"iteration":719,"passed_time":17.81965726,"remaining_time":1.979961918},
{"learn":[0.5440197386],"iteration":720,"passed_time":17.84273388,"remaining_time":1.955029094},
{"learn":[0.5438547806],"iteration":721,"passed_time":17.86628443,"remaining_time":1.930152611},
{"learn":[0.5437393296],"iteration":722,"passed_time":17.89580788,"remaining_time":1.905915915},
{"learn":[0.5435967377],"iteration":723,"passed_time":17.92075689,"remaining_time":1.881184425},
{"learn":[0.54347618],"iteration":724,"passed_time":17.94339468,"remaining_time":1.856213243},
{"learn":[0.5433361677],"iteration":725,"passed_time":17.96649587,"remaining_time":1.831295722},
{"learn":[0.5432044887],"iteration":726,"passed_time":17.98946869,"remaining_time":1.806370308},
{"learn":[0.5430934557],"iteration":727,"passed_time":18.0124821,"remaining_time":1.781454274},
{"learn":[0.5429723765],"iteration":728,"passed_time":18.03536744,"remaining_time":1.756530986},
{"learn":[0.5427829332],"iteration":729,"passed_time":18.05876822,"remaining_time":1.731662706},
{"learn":[0.5426541652],"iteration":730,"passed_time":18.0818769,"remaining_time":1.70677087},
{"learn":[0.5425456696],"iteration":731,"passed_time":18.10452169,"remaining_time":1.681840813},
{"learn":[0.5424313325],"iteration":732,"passed_time":18.12773075,"remaining_time":1.656968568},
{"learn":[0.5422880179],"iteration":733,"passed_time":18.15065049,"remaining_time":1.632074839},
{"learn":[0.5421772848],"iteration":734,"passed_time":18.17527221,"remaining_time":1.607336998},
{"learn":[0.5420167635],"iteration":735,"passed_time":18.19916441,"remaining_time":1.582536036},
{"learn":[0.5418756559],"iteration":736,"passed_time":18.22228134,"remaining_time":1.557671268},
{"learn":[0.5416986066],"iteration":737,"passed_time":18.2449637,"remaining_time":1.532774728},
{"learn":[0.5415647908],"iteration":738,"passed_time":18.27027386,"remaining_time":1.50810109},
{"learn":[0.5414467073],"iteration":739,"passed_time":18.30304092,"remaining_time":1.484030345},
{"learn":[0.5412976092],"iteration":740,"passed_time":18.32634724,"remaining_time":1.459182844},
{"learn":[0.541172652],"iteration":741,"passed_time":18.350537,"remaining_time":1.434408552},
{"learn":[0.5410166351],"iteration":742,"passed_time":18.37362994,"remaining_time":1.409551691},
{"learn":[0.540899307],"iteration":743,"passed_time":18.3969859,"remaining_time":1.384719369},
{"learn":[0.5407880843],"iteration":744,"passed_time":18.4204027,"remaining_time":1.359895501},
{"learn":[0.5406781209],"iteration":745,"passed_time":18.44289613,"remaining_time":1.335008567},
{"learn":[0.5405470503],"iteration":746,"passed_time":18.47134917,"remaining_time":1.310550878},
{"learn":[0.5403929606],"iteration":747,"passed_time":18.49398074,"remaining_time":1.285677806},
{"learn":[0.5402831914],"iteration":748,"passed_time":18.51707778,"remaining_time":1.260842412},
{"learn":[0.5400856082],"iteration":749,"passed_time":18.5392882,"remaining_time":1.235952547},
{"learn":[0.539971007],"iteration":750,"passed_time":18.56262824,"remaining_time":1.21114352},
{"learn":[0.539825798],"iteration":751,"passed_time":18.58571665,"remaining_time":1.186322339},
{"learn":[0.5396728457],"iteration":752,"passed_time":18.61003418,"remaining_time":1.161582479},
{"learn":[0.5395613196],"iteration":753,"passed_time":18.63310574,"remaining_time":1.136767724},
{"learn":[0.53942104],"iteration":754,"passed_time":18.67768794,"remaining_time":1.113239679},
{"learn":[0.5392820712],"iteration":755,"passed_time":18.721012,"remaining_time":1.089582709},
{"learn":[0.5391618552],"iteration":756,"passed_time":18.74549286,"remaining_time":1.064803425},
{"learn":[0.5390094899],"iteration":757,"passed_time":18.76943401,"remaining_time":1.039995024},
{"learn":[0.5388883314],"iteration":758,"passed_time":18.80641448,"remaining_time":1.015893273},
{"learn":[0.5387456917],"iteration":759,"passed_time":18.83046942,"remaining_time":0.9910773378},
{"learn":[0.5386100982],"iteration":760,"passed_time":18.85409656,"remaining_time":0.9662414794},
{"learn":[0.5384663877],"iteration":761,"passed_time":18.87755183,"remaining_time":0.9414002224},
{"learn":[0.5383479293],"iteration":762,"passed_time":18.89999759,"remaining_time":0.9165136444},
{"learn":[0.5381968169],"iteration":763,"passed_time":18.92308982,"remaining_time":0.8916639181},
{"learn":[0.5380541465],"iteration":764,"passed_time":18.94609567,"remaining_time":0.8668148344},
{"learn":[0.5379119317],"iteration":765,"passed_time":18.96881695,"remaining_time":0.8419579324},
{"learn":[0.5377858413],"iteration":766,"passed_time":18.99147484,"remaining_time":0.8171038717},
{"learn":[0.5376202848],"iteration":767,"passed_time":19.01485371,"remaining_time":0.7922855711},
{"learn":[0.537519605],"iteration":768,"passed_time":19.03764854,"remaining_time":0.7674474705},
{"learn":[0.5373641815],"iteration":769,"passed_time":19.06107407,"remaining_time":0.7426392496},
{"learn":[0.537208337],"iteration":770,"passed_time":19.09057629,"remaining_time":0.718063181},
{"learn":[0.5370394184],"iteration":771,"passed_time":19.11315879,"remaining_time":0.6932233758},
{"learn":[0.536907804],"iteration":772,"passed_time":19.13742091,"remaining_time":0.6684480783},
{"learn":[0.5368262711],"iteration":773,"passed_time":19.16086202,"remaining_time":0.6436465279},
{"learn":[0.5367123274],"iteration":774,"passed_time":19.18457852,"remaining_time":0.6188573715},
{"learn":[0.5365908855],"iteration":775,"passed_time":19.20722924,"remaining_time":0.5940380176},
{"learn":[0.5364526856],"iteration":776,"passed_time":19.23067077,"remaining_time":0.5692476546},
{"learn":[0.536311836],"iteration":777,"passed_time":19.25405408,"remaining_time":0.5444591128},
{"learn":[0.53620547],"iteration":778,"passed_time":19.2783238,"remaining_time":0.5196980742},
{"learn":[0.5360959471],"iteration":779,"passed_time":19.30648286,"remaining_time":0.4950380221},
{"learn":[0.5359701682],"iteration":780,"passed_time":19.33049742,"remaining_time":0.4702681831},
{"learn":[0.5358188512],"iteration":781,"passed_time":19.35417071,"remaining_time":0.4454924204},
{"learn":[0.5356916919],"iteration":782,"passed_time":19.3774193,"remaining_time":0.4207102531},
{"learn":[0.5355885942],"iteration":783,"passed_time":19.40041621,"remaining_time":0.3959268615},
{"learn":[0.5354210194],"iteration":784,"passed_time":19.42402989,"remaining_time":0.3711598068},
{"learn":[0.5353011225],"iteration":785,"passed_time":19.45322575,"remaining_time":0.3464951152},
{"learn":[0.5351787793],"iteration":786,"passed_time":19.47621507,"remaining_time":0.3217163862},
{"learn":[0.5350354099],"iteration":787,"passed_time":19.49941866,"remaining_time":0.2969454618},
{"learn":[0.5348957579],"iteration":788,"passed_time":19.52227264,"remaining_time":0.2721736362},
{"learn":[0.534726093],"iteration":789,"passed_time":19.54453807,"remaining_time":0.2473992161},
{"learn":[0.5346073326],"iteration":790,"passed_time":19.56772181,"remaining_time":0.2226415882},
{"learn":[0.5345309133],"iteration":791,"passed_time":19.59156816,"remaining_time":0.1978946279},
{"learn":[0.534385501],"iteration":792,"passed_time":19.61509981,"remaining_time":0.173147161},
{"learn":[0.5342576517],"iteration":793,"passed_time":19.64030876,"remaining_time":0.1484154314},
{"learn":[0.5341436663],"iteration":794,"passed_time":19.7036177,"remaining_time":0.1239221239},
{"learn":[0.5340619621],"iteration":795,"passed_time":19.72810143,"remaining_time":0.0991361881},
{"learn":[0.5339393422],"iteration":796,"passed_time":19.75325466,"remaining_time":0.0743535307},
{"learn":[0.5338192465],"iteration":797,"passed_time":19.78385964,"remaining_time":0.04958360813},
{"learn":[0.5336846175],"iteration":798,"passed_time":19.81036814,"remaining_time":0.02479395261},
{"learn":[0.5335264048],"iteration":799,"passed_time":19.84814432,"remaining_time":0}
]}